{
    "backgroundColor": {
        "r": 0.06603771448135376,
        "g": 0.06603771448135376,
        "b": 0.06603771448135376,
        "a": 0.0
    },
    "clearFlags": 2,
    "universalRadius": 1200.0,
    "universalVoidRadius": 1000.0,
    "universalArc": 360.0,
    "universalRateOverTime": 10,
    "universalBurstCount": 1000,
    "galacticDonutRadius": 200.0,
    "galacticRadius": 1000.0,
    "galacticArc": 360.0,
    "galacticRateOverTime": 10,
    "galacticMaxParticles": 2000,
    "galacticInnerBiasSkew": 1.7999999523162842,
    "galacticTorusTiltDegrees": 12.0,
    "sunColor": {
        "r": 1.0,
        "g": 0.95686274766922,
        "b": 0.8392156958580017,
        "a": 1.0
    },
    "sunIntensity": 100.0,
    "spawnPlanet": true,
    "sunFlareEnabled": true,
    "sunFlareName": "sunburst",
    "sunFlareBrightness": 150.0,
    "sunRotationEuler": {
        "x": 51.45899963378906,
        "y": -30.0,
        "z": 0.0
    },
    "sunPosition": {
        "x": 400.0,
        "y": 100.0,
        "z": 0.0
    }
    ,
    "planetRadius": 30.0
}